Workbook

Sheet healthcare_dataset
A1: Healthcare Patient Records Analysis
A2: Name | B2: Age | C2: Gender | D2: Blood Type | E2: Medical Condition | F2: Date of Admission | G2: Doctor | H2: Hospital | I2: Insurance Provider | J2: Billing Amount | K2: Room Number | L2: Admission Type | M2: Discharge Date | N2: Medication | O2: Test Results
A3: Bobby Jackson | B3: 30 | C3: Male | D3: B- | E3: Cancer | F3: 45322 | G3: Matthew Smith | H3: Sons and Miller | I3: Blue Cross | J3: 18856.281 | K3: 328 | L3: Urgent | M3: 45324 | N3: Paracetamol | O3: Normal | Q3: Healthcare Patient Records Summary
A4: Leslie Terry | B4: 62 | C4: Male | D4: A+ | E4: Obesity | F4: 43697 | G4: Samantha Davies | H4: Kim Inc | I4: Medicare | J4: 33643.327 | K4: 265 | L4: Emergency | M4: 43703 | N4: Ibuprofen | O4: Inconclusive | Q4: Total no of Patient | R4: =COUNTA($A3:$A1002) -> 1000
A5: Danny Smith | B5: 76 | C5: Female | D5: A- | E5: Obesity | F5: 44826 | G5: Tiffany Mitchell | H5: Cook PLC | I5: Aetna | J5: 27955.096 | K5: 205 | L5: Emergency | M5: 44841 | N5: Aspirin | O5: Normal | Q5: Total no of Hospitals | R5: =COUNTA($H3:$H1002) -> 1000
A6: Andrew Watts | B6: 28 | C6: Female | D6: O+ | E6: Diabetes | F6: 44153 | G6: Kevin Wells | H6: Hernandez Rogers and Vang, | I6: Medicare | J6: 37909.782 | K6: 450 | L6: Elective | M6: 44183 | N6: Ibuprofen | O6: Abnormal | Q6: Total no of Doctors | R6: =COUNTA($G3:$G1002) -> 1000
A7: Adrienne Bell | B7: 43 | C7: Female | D7: AB+ | E7: Cancer | F7: 44823 | G7: Kathleen Hanna | H7: White-White | I7: Aetna | J7: 14238.318 | K7: 458 | L7: Urgent | M7: 44843 | N7: Penicillin | O7: Abnormal | Q7: Average Patient Age | R7: =AVERAGE($B3:$B1002) -> 50.977
A8: Emily Johnson | B8: 36 | C8: Male | D8: A+ | E8: Asthma | F8: 45280 | G8: Taylor Newton | H8: Nunez-Humphrey | I8: UnitedHealthcare | J8: 48145.111 | K8: 389 | L8: Urgent | M8: 45284 | N8: Ibuprofen | O8: Normal | Q8: Total Billing Amount | R8: =SUM($J3:$J1002) -> 25117632
A9: Edward Edwards | B9: 21 | C9: Female | D9: AB- | E9: Diabetes | F9: 44138 | G9: Kelly Olson | H9: Group Middleton | I9: Medicare | J9: 19580.872 | K9: 389 | L9: Emergency | M9: 44150 | N9: Paracetamol | O9: Inconclusive | Q9: Average Billing Amount | R9: =AVERAGE($J3:$J1002) -> 25117.632
A10: Christina Martinez | B10: 20 | C10: Female | D10: A+ | E10: Cancer | F10: 44558 | G10: Suzanne Thomas | H10: Powell Robinson and Valdez, | I10: Cigna | J10: 45820.463 | K10: 277 | L10: Emergency | M10: 44568 | N10: Paracetamol | O10: Inconclusive | Q10: Urgent Admissions | R10: =COUNTIF($L3:$L1002,"Urgent") -> 317
A11: Jasmine Aguilar | B11: 82 | C11: Male | D11: AB+ | E11: Asthma | F11: 44013 | G11: Daniel Ferguson | H11: Sons Rich and | I11: Cigna | J11: 50119.223 | K11: 316 | L11: Elective | M11: 44026 | N11: Aspirin | O11: Abnormal | Q11: Emergency Admissions | R11: =COUNTIF($L3:$L1002,"Emergency") -> 315
A12: Christopher Berg | B12: 58 | C12: Female | D12: AB- | E12: Cancer | F12: 44339 | G12: Heather Day | H12: Padilla-Walker | I12: UnitedHealthcare | J12: 19784.631 | K12: 249 | L12: Elective | M12: 44369 | N12: Paracetamol | O12: Inconclusive | Q12: Elective Admissions | R12: =COUNTIF($L3:$L1002,"Elective") -> 368
A13: Michelle Daniels | B13: 72 | C13: Male | D13: O+ | E13: Cancer | F13: 43940 | G13: John Duncan | H13: Schaefer-Porter | I13: Medicare | J13: 12576.796 | K13: 394 | L13: Urgent | M13: 43943 | N13: Paracetamol | O13: Normal | Q13: Total Medical Conditions | R13: =COUNTA($E3:$E1002) -> 1000
A14: Aaron Martinez | B14: 38 | C14: Female | D14: A- | E14: Hypertension | F14: 45151 | G14: Douglas Mayo | H14: Lyons-Blair | I14: Medicare | J14: 7999.5869 | K14: 288 | L14: Urgent | M14: 45174 | N14: Lipitor | O14: Inconclusive | Q14: Normal Test Results | R14: =COUNTIF($O3:$O1002,"Normal") -> 326
A15: Connor Hansen | B15: 75 | C15: Female | D15: A+ | E15: Diabetes | F15: 43811 | G15: Kenneth Fletcher | H15: Powers Miller, and Flores | I15: Cigna | J15: 43282.283 | K15: 134 | L15: Emergency | M15: 43827 | N15: Penicillin | O15: Abnormal | Q15: Abnormal Test Results | R15: =COUNTIF($O3:$O1002,"Abnormal") -> 350
A16: Robert Bauer | B16: 68 | C16: Female | D16: AB+ | E16: Asthma | F16: 43973 | G16: Theresa Freeman | H16: Rivera-Gutierrez | I16: UnitedHealthcare | J16: 33207.707 | K16: 309 | L16: Urgent | M16: 44001 | N16: Lipitor | O16: Normal | Q16: Inconclusive Test Results | R16: =COUNTIF($O3:$O1002,"Inconclusive") -> 324
A17: Brooke Brady | B17: 44 | C17: Female | D17: AB+ | E17: Cancer | F17: 44477 | G17: Roberta Stewart | H17: Morris-Arellano | I17: UnitedHealthcare | J17: 40701.599 | K17: 182 | L17: Urgent | M17: 44482 | N17: Paracetamol | O17: Normal | Q17: Total Insurance Providers | R17: 6
A18: Ms. Natalie Gamble | B18: 46 | C18: Female | D18: AB- | E18: Obesity | F18: 44927 | G18: Maria Dougherty | H18: Cline-Williams | I18: Blue Cross | J18: 12263.357 | K18: 465 | L18: Elective | M18: 44937 | N18: Aspirin | O18: Inconclusive
A19: Haley Perkins | B19: 63 | C19: Female | D19: A+ | E19: Arthritis | F19: 44005 | G19: Erica Spencer | H19: Cervantes-Wells | I19: UnitedHealthcare | J19: 24499.848 | K19: 114 | L19: Elective | M19: 44026 | N19: Paracetamol | O19: Normal
A20: Mrs. Jamie Campbell | B20: 38 | C20: Male | D20: AB- | E20: Obesity | F20: 43898 | G20: Justin Kim | H20: Torres, and Harrison Jones | I20: Cigna | J20: 17440.465 | K20: 449 | L20: Urgent | M20: 43923 | N20: Paracetamol | O20: Abnormal
A21: Luke Burgess | B21: 34 | C21: Female | D21: A- | E21: Hypertension | F21: 44259 | G21: Justin Moore Jr. | H21: Houston PLC | I21: Blue Cross | J21: 18843.023 | K21: 260 | L21: Elective | M21: 44269 | N21: Aspirin | O21: Abnormal
A22: Daniel Schmidt | B22: 63 | C22: Male | D22: B+ | E22: Asthma | F22: 44880 | G22: Denise Galloway | H22: Hammond Ltd | I22: Cigna | J22: 23762.204 | K22: 465 | L22: Elective | M22: 44887 | N22: Penicillin | O22: Normal
A23: Timothy Burns | B23: 67 | C23: Female | D23: A- | E23: Asthma | F23: 45105 | G23: Krista Smith | H23: Jones LLC | I23: Blue Cross | J23: 42.514589 | K23: 115 | L23: Elective | M23: 45109 | N23: Aspirin | O23: Normal
A24: Christopher Bright | B24: 48 | C24: Male | D24: B+ | E24: Asthma | F24: 43851 | G24: Gregory Smith | H24: Williams-Davis | I24: Aetna | J24: 17695.912 | K24: 295 | L24: Urgent | M24: 43870 | N24: Lipitor | O24: Normal
A25: Kathryn Stewart | B25: 58 | C25: Female | D25: O+ | E25: Arthritis | F25: 44693 | G25: Vanessa Newton | H25: Clark-Mayo | I25: Aetna | J25: 5998.1029 | K25: 327 | L25: Urgent | M25: 44722 | N25: Lipitor | O25: Inconclusive
A26: Dr. Eileen Thompson | B26: 59 | C26: Male | D26: A+ | E26: Asthma | F26: 44410 | G26: Donna Martinez MD | H26: and Sons Smith | I26: Aetna | J26: 25250.052 | K26: 119 | L26: Urgent | M26: 44420 | N26: Lipitor | O26: Inconclusive
A27: Paul Henderson | B27: 72 | C27: Female | D27: AB+ | E27: Hypertension | F27: 43966 | G27: Stephanie Kramer | H27: Wilson Group | I27: Medicare | J27: 33211.295 | K27: 109 | L27: Emergency | M27: 43990 | N27: Paracetamol | O27: Inconclusive
A28: Peter Fitzgerald | B28: 73 | C28: Male | D28: AB+ | E28: Obesity | F28: 43966 | G28: Angela Contreras | H28: Garner-Bowman | I28: Medicare | J28: 19746.832 | K28: 162 | L28: Urgent | M28: 43971 | N28: Aspirin | O28: Abnormal
A29: Cathy Small | B29: 51 | C29: Female | D29: O- | E29: Asthma | F29: 45283 | G29: Wendy Glenn | H29: Brown, and Jones Weaver | I29: Blue Cross | J29: 26786.53 | K29: 401 | L29: Elective | M29: 45310 | N29: Ibuprofen | O29: Normal
... A1002: Stephanie Anderson | B1002: 55 | C1002: Male | D1002: B+ | E1002: Hypertension | F1002: 43783 | G1002: Kyle Gray | H1002: Ortiz-Martin | I1002: Cigna | J1002: 43108.888 | K1002: 161 | L1002: Emergency | M1002: 43785 | N1002: Ibuprofen | O1002: Inconclusive

Sheet Medical Condition Analysis
A1: Medical Condition Analysis
A2: Medical Condition | B2: Patient Count
A3: Cancer | B3: =COUNTIF(healthcare_dataset!E3:E1002,"Cancer") -> 167
A4: Diabetes | B4: =COUNTIF(healthcare_dataset!E3:E1002,"Diabetes") -> 169
A5: Asthma | B5: =COUNTIF(healthcare_dataset!E3:E1002,"Asthma") -> 167
A6: Hypertension | B6: =COUNTIF(healthcare_dataset!E3:E1002,"Hypertension") -> 164
A7: Obesity | B7: =COUNTIF(healthcare_dataset!E3:E1002,"Obesity") -> 155

Sheet Admission Type Analysis
A1: Admission Type Analysis
A2: Admission Type | B2: Count
A3: Emergency | B3: =COUNTIF(healthcare_dataset!L3:L1002,"Emergency") -> 315
A4: Urgent | B4: =COUNTIF(healthcare_dataset!L3:L1002,"Urgent") -> 317
A5: Elective | B5: =COUNTIF(healthcare_dataset!L3:L1002,"Elective") -> 368

Sheet Gender Distribution
A1: Gender Distribution
A2: Gender | B2: Count
A3: Male | B3: =COUNTIF(healthcare_dataset!L3:L1002,"Emergency") -> 315
A4: Female | B4: =COUNTIF(healthcare_dataset!L3:L1002,"Urgent") -> 317

Sheet Insurance Provider Analysis
A1: Insurance Provider Analysis
A2: Insurance Provider | B2: Patients
A3: Medicare | B3: =COUNTIF(healthcare_dataset!$I3:$I1002,"Medicare") -> 207
A4: Aetna | B4: =COUNTIF(healthcare_dataset!$I3:$I1002,"Aetna") -> 210
A5: Cigna | B5: =COUNTIF(healthcare_dataset!$I3:$I1002,"Cigna") -> 210
A6: Blue Cross | B6: =COUNTIF(healthcare_dataset!$I3:$I1002,"Blue Cross") -> 188
A7: UnitedHealthcare | B7: =COUNTIF(healthcare_dataset!$I3:$I1002,"UnitedHealthcare") -> 185
A8: Insurance Provider | B8: =COUNTIF(healthcare_dataset!$I3:$I1002,"Insurance Provider") -> 0

Sheet Test Results Analysis
A1: Test Results Analysis
A2: Test Results | B2: Count
A3: Normal | B3: =COUNTIF(healthcare_dataset!$O3:$O1002,"Normal") -> 326
A4: Abnormal | B4: =COUNTIF(healthcare_dataset!$O3:$O1002,"Abnormal") -> 350
A5: Inconclusive | B5: =COUNTIF(healthcare_dataset!$O3:$O1002,"Inconclusive") -> 324

Sheet Treatment cost analysis 
A2: Treatment cost analysis
A3: Medical Condition | B3: Billing Amount | E3: Medical Condition Analysis
A4: Cancer | B4: 18856.281 | E4: Medical Condition | F4: Patient Count
A5: Obesity | B5: 33643.327 | E5: Cancer | F5: =SUMIF(A4:A1003,E5,B4:B1003) -> 4128278.9
A6: Obesity | B6: 27955.096 | E6: Diabetes | F6: =SUMIF($A4:$A1003,E6,$B4:$B1003) -> 4163955.9
A7: Diabetes | B7: 37909.782 | E7: Asthma | F7: =SUMIF($A5:$A1004,E7,$B5:$B1004) -> 4563971.2
A8: Cancer | B8: 14238.318 | E8: Hypertension | F8: =SUMIF($A6:$A1005,E8,$B6:$B1005) -> 4233753.6
A9: Asthma | B9: 48145.111 | E9: Obesity | F9: =SUMIF($A7:$A1006,E9,$B7:$B1006) -> 3737879.4
A10: Diabetes | B10: 19580.872
A11: Cancer | B11: 45820.463
A12: Asthma | B12: 50119.223
A13: Cancer | B13: 19784.631
A14: Cancer | B14: 12576.796
A15: Hypertension | B15: 7999.5869
A16: Diabetes | B16: 43282.283
A17: Asthma | B17: 33207.707
A18: Cancer | B18: 40701.599
A19: Obesity | B19: 12263.357
A20: Arthritis | B20: 24499.848
A21: Obesity | B21: 17440.465
... A1003: Hypertension | B1003: 43108.888

Sheet Dashboard
A1: Healthcare Patient Records Analysis
